resultado;instructor
"220201501-ARGUMENTAR SOBRE SITUACIONES PROBLEMÁTICAS DEL ENTORNO SUSCEPTIBLES DE MEJORAMIENTO
MEDIANTE LA APLICACIÓN DE PRINCIPIOS Y CONCEPTOS DE BIOLOGÍA.";
"220201501-PROPONER ALTERNATIVAS DE MEJORAMIENTO A SITUACIONES IDENTIFICADAS EN EL ENTORNO
PRODUCTIVO Y";
"220201501-ESTABLECER INTERRELACIONES ENTRE LOS NIVELES DE ORGANIZACIÓN BIOLÓGICA ACORDE CON EL
ENTORNO";
"220201501-INTERPRETAR LAS INTERRELACIONES ENTRE LOS NIVELES DE ORGANIZACIÓN BIOLÓGICA SEGÚN EL
ENTORNO";
"220601501-REALIZAR SEGUIMIENTO Y ACOMPAÑAMIENTO AL DESARROLLO DE LOS PLANES Y PROGRAMAS
AMBIENTALES Y SST, SEGÚN EL ÁREA DE DESEMPEÑO.";
"220601501-IMPLEMENTAR ESTRATEGIAS PARA EL CONTROL DE LOS IMPACTOS AMBIENTALES Y DE LOS ACCIDENTES Y
ENFERMEDADES DE ACUERDO CON LOS PLANES Y PROGRAMAS ESTABLECIDOS POR LA ORGANIZACIÓN.";
"220601501-PROPONER ACCIONES DE MEJORA PARA EL MANEJO AMBIENTAL Y EL CONTROL DE LA SST, DE ACUERDO
CON ESTRATEGIAS DE TRABAJO, COLABORATIVO, COOPERATIVO Y COORDINADO EN EL CONTEXTO
PRODUCTIVO Y SOCIAL.";
"220601501-ANALIZAR LAS ESTRATEGIAS PARA LA PREVENCIÓN Y CONTROL DE LOS IMPACTOS AMBIENTALES Y DE LOS
ACCIDENTES Y ENFERMEDADES LABORALES (ATEL) DE ACUERDO CON LAS POLÍTICAS ORGANIZACIONALES
Y EL ENTORNO SOCIAL.";
220501084-GENERAR LOS EFECTOS VISUALES SEGÚN EL STORYBOARD Y PROCEDIMIENTOS TÉCNICOS;
220501084-ANIMAR LOS ELEMENTOS SEGÚN EL STORYBOARD Y LOS PRINCIPIOS DE ANIMACIÓN;
220501084-ALISTAR LOS PERSONAJES Y ELEMENTOS SEGÚN LAS NECESIDADES DEL PROYECTO;
220501084-DESARROLLAR EL RIGGING SEGÚN CRITERIOS TÉCNICOS Y NECESIDADES DEL PROYECTO;
210303025-MONETIZAR EL PROYECTO CONFORME A ESTRATEGIAS DEFINIDAS;
210303025-REALIZAR SEGUIMIENTO AL PROYECTO DE ACUERDO AL PROCEDIMIENTO ESTABLECIDO;
210303025-ESTIMAR LOS COSTOS DE ACUERDO AL ALCANCE Y NECESIDADES DEL PROYECTO;
210303025-IDENTIFICAR LAS NORMATIVAS VIGENTES DE ACUERDO AL MARCO LEGAL DEL PROYECTO;
"240201524-ESTABLECER PROCESOS DE ENRIQUECIMIENTO LEXICAL Y ACCIONES DE MEJORAMIENTO EN EL
DESARROLLO DE PROCESOS COMUNICATIVOS SEGÚN REQUERIMIENTOS DEL CONTEXTO.";
"240201524-ANALIZAR LOS COMPONENTES DE LA COMUNICACIÓN SEGÚN SUS CARACTERÍSTICAS, INTENCIONALIDAD
Y CONTEXTO.";
"240201524-ARGUMENTAR EN FORMA ORAL Y ESCRITA ATENDIENDO LAS EXIGENCIAS Y PARTICULARIDADES DE LAS
DIVERSAS SITUACIONES COMUNICATIVAS MEDIANTE LOS DISTINTOS SISTEMAS DE REPRESENTACIÓN.";
"240201524-RELACIONAR LOS PROCESOS COMUNICATIVOS TENIENDO EN CUENTA CRITERIOS DE LÓGICA Y
RACIONALIDAD";
250201022-DESARROLLAR EL STORYBOARD SEGÚN LOS PLANOS ESTABLECIDOS DEL PROYECTO;
250201022-VERIFICAR LAS CARACTERÍSTICAS DE STORYBOARD DE ACUERDO CON EL GUIÓN TÉCNICO;
250201022-AJUSTAR EL STORYBOARD DE ACUERDO A LAS NECESIDADES DEL PROYECTO;
250201022-PLANEAR EL PROYECTO DE ACUERDO CON LOS REQUERIMIENTOS;
"210201501-02- Valorar la importancia de la ciudadanía laboral con base en el estudio de los derechos humanos y fundamentales en el
trabajo.";
"210201501-04- Participar en acciones solidarias teniendo en cuenta el ejercicio de los derechos humanos, de los pueblos y de la
naturaleza.";
"210201501-03- Practicar los derechos fundamentales en el trabajo de acuerdo con la Constitución Política y los Convenios
Internacionales.";
"210201501-01- Reconocer el trabajo como factor de movilidad social y transformación vital con referencia a la fenomenología y a los
derechos fundamentales en el trabajo.";
250201021-ESTABLECER TIEMPOS A LOS PLANOS DEL STORYBOARD SEGÚN EL GUIÓN TÉCNICO;
250201021-ANALIZAR EL STORYBOARD DE ACUERDO CON LOS PARÁMETROS DEL GUIÓN TÉCNICO.;
250201021-VERIFICAR EL ANIMATIC SEGÚN EL STORYBOARD;
250201021-REALIZAR EL ANIMATIC SEGÚN EL LENGUAJE AUDIOVISUAL ESTABLECIDO EN EL GUIÓN TÉCNICO;
"240201526-PROMOVER EL USO RACIONAL DE LOS RECURSOS NATURALES A PARTIR DE CRITERIOS DE SOSTENIBILIDAD
Y SUSTENTABILIDAD ÉTICA Y NORMATIVA VIGENTE";
"240201526-CONTRIBUIR CON EL FORTALECIMIENTO DE LA CULTURA DE PAZ A PARTIR DE LA DIGNIDAD HUMANA Y LAS
ESTRATEGIAS PARA LA TRANSFORMACIÓN DE CONFLICTOS";
"240201526-CONTRIBUIR CON EL FORTALECIMIENTO DE LA CULTURA DE PAZ A PARTIR DE LA DIGNIDAD HUMANA Y LAS
ESTRATEGIAS PARA LA TRANSFORMACIÓN DE CONFLICTOS";
"240201526-ESTABLECER RELACIONES DE CRECIMIENTO PERSONAL Y COMUNITARIO A PARTIR DEL BIEN COMÚN COMO
APORTE PARA EL DESARROLLO SOCIAL.";
230101507-DESARROLLAR HABILIDADES PSICOMOTRICES EN EL CONTEXTO PRODUCTIVO Y SOCIAL.;
"230101507-IMPLEMENTAR UN PLAN DE ERGONOMÍA Y PAUSAS ACTIVAS SEGÚN LAS CARACTERÍSTICAS DE LA FUNCIÓN
PRODUCTIVA.";
230101507-PRACTICAR HÁBITOS SALUDABLES MEDIANTE LA APLICACIÓN DE FUNDAMENTOS DE NUTRICIÓN E HIGIENE.;
"230101507-EJECUTAR ACTIVIDADES DE ACONDICIONAMIENTO FÍSICO ORIENTADAS HACIA EL MEJORAMIENTO DE LA
CONDICIÓN FÍSICA EN LOS CONTEXTOS PRODUCTIVO Y SOCIAL.";
"240201529-02.CARACTERIZAR LA IDEA DE NEGOCIO TENIENDO EN CUENTA LAS OPORTUNIDADES Y NECESIDADES DEL
SECTOR PRODUCTIVO Y SOCIAL";
"240201529-04. VALORAR LA PROPUESTA DE NEGOCIO CONFORME CON SU ESTRUCTURA Y NECESIDADES DEL
SECTOR PRODUCTIVO Y SOCIAL";
"240201529-01. INTEGRAR ELEMENTOS DE LA CULTURA EMPRENDEDORA TENIENDO EN CUENTA EL PERFIL PERSONAL Y
EL CONTEXTO DE DESARROLLO SOCIAL";
"240201529-03. ESTRUCTURAR EL PLAN DE NEGOCIO DE ACUERDO CON LAS CARACTERÍSTICAS EMPRESARIALES Y
TENDENCIAS DE MERCADO";
240201064-02. ESTRUCTURAR EL PROYECTO DE ACUERDO A CRITERIOS DE LA INVESTIGACIÓN.;
240201064-01. ANALIZAR EL CONTEXTO PRODUCTIVO SEGÚN SUS CARACTERÍSTICAS Y NECESIDADES;
240201064-04. PROPONER SOLUCIONES A LAS NECESIDADES DEL CONTEXTO SEGÚN RESULTADOS DE LA;
240201064-03. ARGUMENTAR ASPECTOS TEÓRICOS DEL PROYECTO SEGÚN REFERENTES NACIONALES E;
220501085-EDITAR LOS ELEMENTOS VISUALES Y SONOROS CUMPLIENDO LAS ESPECIFICACIONES DEL PROYECTO.;
220501085-REALIZAR EL RENDER DEL AUDIOVISUAL SEGÚN LOS CRITERIOS TÉCNICOS Y CARACTERÍSTICAS DEL;
"220501085-VALIDAR EL PRODUCTO QUE CUMPLAN CON LOS CRITERIOS TÉCNICOS DEL PROYECTO Y ESTÁNDARES DE
CALIDAD";
"220501085-COMPONER LOS ELEMENTOS AUDIOVISUALES CUMPLIENDO CON LOS CRITERIOS TÉCNICOS Y
ESPECIFICACIONES DEL PROYECTO.";
"999999999-APLICAR EN LA RESOLUCIÓN DE PROBLEMAS REALES DEL SECTOR PRODUCTIVO, LOS CONOCIMIENTOS,
HABILIDADES Y DESTREZAS PERTINENTES A LAS COMPETENCIAS DEL PROGRAMA DE FORMACIÓN
ASUMIENDO ESTRATEGIAS Y METODOLOGÍAS DE AUTOGESTIÓN";
"240201528-IDENTIFICAR MODELOS MATEMÁTICOS DE ACUERDO CON LOS REQUERIMIENTOS DEL PROBLEMA
PLANTEADO EN CONTEXTOS SOCIALES Y PRODUCTIVO";
"240201528-RESOLVER PROBLEMAS MATEMÁTICOS A PARTIR DE SITUACIONES GENERADAS EN EL CONTEXTO SOCIAL Y
PRODUCTIVO";
"240201528-PLANTEAR PROBLEMAS MATEMÁTICOS A PARTIR DE SITUACIONES GENERADAS EN EL CONTEXTO SOCIAL Y
PRODUCTIVO";
"240201528-PROPONER ACCIONES DE MEJORA FRENTE A LOS RESULTADOS DE LOS PROCEDIMIENTOS MATEMÁTICOS DE
ACUERDO CON EL PROBLEMA PLANTEADO";
"240201530-IDENTIFICAR LA DINÁMICA ORGANIZACIONAL DEL SENA Y EL ROL DE LA FORMACIÓN PROFESIONAL INTEGRAL
DE ACUERDO CON SU PROYECTO DE VIDA Y EL DESARROLLO PROFESIONAL.";
"220501046-ALISTAR HERRAMIENTAS DE TECNOLOGÍAS DE LA INFORMACIÓN Y LA COMUNICACIÓN (TIC), DE ACUERDO
CON LAS NECESIDADES DE PROCESAMIENTO DE INFORMACIÓN Y COMUNICACIÓN.";
220501046-OPTIMIZAR LOS RESULTADOS, DE ACUERDO CON LA VERIFICACIÓN;
"220501046-APLICAR FUNCIONALIDADES DE HERRAMIENTAS Y SERVICIOS TIC, DE ACUERDO CON MANUALES DE USO,
PROCEDIMIENTOS ESTABLECIDOS Y BUENAS PRÁCTICAS.";
220501046-EVALUAR LOS RESULTADOS, DE ACUERDO CON LOS REQUERIMIENTOS.;
