competencias;fecha_ini;fecha_fin;instructor
"220201501-APLICACIÓN DE CONOCIMIENTOS DE LAS CIENCIAS NATURALES DE ACUERDO
CON SITUACIONES DEL CONTEXTO PRODUCTIVO Y SOCIAL.";;;
"220601501-APLICAR PRÁCTICAS DE PROTECCIÓN AMBIENTAL, SEGURIDAD Y SALUD EN EL
TRABAJO DE ACUERDO CON LAS POLÍTICAS ORGANIZACIONALES Y LA
NORMATIVIDAD VIGENTE.";;;
"240201524-DESARROLLAR PROCESOS DE COMUNICACIÓN EFICACES Y EFECTIVOS,
TENIENDO EN CUENTA SITUACIONES DE ORDEN SOCIAL, PERSONAL Y";;;
291301083-Editar imágenes de acuerdo con criterios de comunicación y técnicas de edición;;;
"210201501-Ejercer derechos fundamentales del trabajo en el marco de la constitución política y los
convenios internacionales.";;;
"240201526-Enrique Low Murtra-Interactuar en el contexto productivo y social de acuerdo con
principios éticos para la construcción de una cultura de paz.";;;
"230101507-GENERAR HÁBITOS SALUDABLES DE VIDA MEDIANTE LA APLICACIÓN DE
PROGRAMAS DE ACTIVIDAD FÍSICA EN LOS CONTEXTOS PRODUCTIVOS Y
SOCIALES.";;;
"240201529-Gestionar procesos propios de la cultura emprendedora y empresarial de acuerdo con el
perfil personal y los requerimientos de los contextos productivo y social.";;;
"240202501-INTERACTUAR EN LENGUA INGLESA DE FORMA ORAL Y ESCRITA DENTRO DE
CONTEXTOS SOCIALES Y LABORALES SEGÚN LOS CRITERIOS ESTABLECIDOS
POR EL MARCO COMÚN EUROPEO DE REFERENCIA PARA LAS LENGUAS.";;;
250201018-Iluminar espacios escenográficos según técnicas y requerimientos del proyecto creativo;;;
240201064-Orientar investigación formativa según referentes técnicos;;;
"291301080-Producir imágenes fotográficas de acuerdo con la intención comunicativa y las
especificaciones técnicas";;;
999999999-RESULTADOS DE APRENDIZAJE ETAPA PRACTICA;;;
"240201528-Razonar cuantitativamente frente a situaciones susceptibles de ser abordadas de manera
matemática en contextos laborales, sociales y personales.";;;
240201530-Resultado de Aprendizaje de la Inducción.;;;
"220501046-Utilizar herramientas informáticas de acuerdo con las necesidades de manejo de
información";;;
